order_id,order_date,customer_id,area,tiffin_type,meal_type,order_time,delivery_partner,delivery_distance_km,prep_time_min,delivery_time_min,quantity,discount,order_amount,payment_method,order_status,customer_rating,complaint,,,,,
1,21-06-2025,C109,Madhapur,Veg,Breakfast,07:30:00,Rahul,5.6,17,41,1,0,80,UPI,Late,5,No,,,,,
2,28-04-2025,C002,Dilsukhnagar,Non-Veg,Breakfast,07:20:00,Suresh,7.9,16,38,2,10,220,Wallet,Delivered,4,No,,,,,
3,14-05-2025,C068,Dilsukhnagar,Jain,Lunch,12:20:00,Rahul,8,22,37,1,0,135,Wallet,Delivered,3,No,,,,,
4,08-06-2025,C012,Manikonda,Veg,Breakfast,10:10:00,Vikram,5.7,15,32,2,15,145,Card,Delivered,5,No,,,,,
5,11-04-2025,C069,Miyapur,Veg,Breakfast,07:45:00,Amit,5,8,21,1,0,80,Cash,Delivered,4,No,,,order_id,serial primary key,
6,08-06-2025,C015,Gachibowli,Veg,Dinner,19:15:00,Rahul,3.3,11,34,1,20,110,Card,Late,5,No,,,order_date, date,
7,22-05-2025,C118,Kondapur,Jain,Lunch,11:20:00,Arun,2.5,9,41,1,20,115,Cash,Delivered,4,No,,,customer_id,varchar,
8,02-05-2025,C013,LB Nagar,Non-Veg,Dinner,20:45:00,Amit,4,18,21,1,0,165,Cash,Delivered,4,No,,,area,varchar,
9,20-06-2025,C142,LB Nagar,Veg,Breakfast,10:10:00,Rahul,3.3,18,22,1,10,70,UPI,Cancelled,0,No,,,tiffin_type,varchar,
10,27-06-2025,C068,Banjara Hills,Veg,Dinner,20:40:00,Suresh,5.3,14,33,1,10,120,UPI,Delivered,0,No,,,meal_type,varchar,
11,20-06-2025,C029,Uppal,Veg,Lunch,12:15:00,Kiran,3.2,29,31,1,15,105,Card,Delivered,5,No,,,order_time,time,
12,01-05-2025,C033,Manikonda,Veg,Breakfast,08:10:00,Imran,2.2,22,19,1,0,80,Cash,Cancelled,0,No,,,delivery_partner,varchar,
13,04-05-2025,C096,Secunderabad,Jain,Dinner,21:20:00,Imran,5,8,24,2,20,270,UPI,Delivered,5,No,,,delivery_distance_km,,decimal
14,02-05-2025,C016,Gachibowli,Veg,Breakfast,07:40:00,Amit,4.9,22,36,1,15,65,UPI,Delivered,1,No,,,prep_time_min,,time
15,13-05-2025,C122,Gachibowli,Veg,Breakfast,08:30:00,Imran,4.2,16,21,1,0,80,Wallet,Late,5,No,,,delivery_time_min,,time
16,25-04-2025,C026,Madhapur,Veg,Breakfast,07:45:00,Naveen,2.9,15,39,1,20,60,Card,Delivered,5,No,,,quantity,num,
17,14-04-2025,C020,Secunderabad,Veg,Breakfast,08:20:00,Amit,5.3,8,38,1,0,80,UPI,Delivered,4,No,,,discount,num,
18,23-06-2025,C103,Uppal,Jain,Dinner,18:10:00,Rahul,3.7,13,37,2,0,290,Cash,Delivered,4,No,,,order_amount,,num
19,19-05-2025,C143,Manikonda,Jain,Breakfast,10:30:00,Imran,6.8,23,31,2,0,190,Cash,Delivered,5,No,,,payment_method,,varchar
20,25-04-2025,C129,Uppal,Veg,Lunch,12:00:00,Suresh,3.8,19,40,1,20,100,UPI,Delivered,2,No,,,order_status,,varchar
21,05-06-2025,C064,Jubilee Hills,Veg,Breakfast,08:10:00,Rahul,3.4,16,22,2,0,160,UPI,Delivered,3,No,,,customer_rating,,num
22,24-05-2025,C077,Secunderabad,Veg,Dinner,20:30:00,Kiran,1.9,22,39,2,0,260,UPI,Delivered,4,No,,,complaint,,varchar
23,02-04-2025,C095,Kukatpally,Veg,Lunch,11:10:00,Suresh,4.3,24,36,1,0,120,Wallet,Delivered,5,No,,,,,
24,09-06-2025,C030,Uppal,Veg,Dinner,20:00:00,Amit,3.1,20,43,1,20,110,Cash,Delivered,5,No,,,,,
25,05-05-2025,C014,Hitech City,Veg,Lunch,12:40:00,Naveen,4.4,27,12,1,0,120,Card,Cancelled,0,No,,,,,
26,06-04-2025,C003,Hitech City,Veg,Breakfast,09:15:00,Amit,6.3,18,35,1,20,60,Cash,Delivered,5,No,,,,,
27,09-06-2025,C064,Manikonda,Veg,Breakfast,09:15:00,Amit,4.7,8,32,1,0,80,Card,Delivered,5,No,,,,,
28,11-06-2025,C086,Dilsukhnagar,Non-Veg,Lunch,12:20:00,Naveen,5.3,26,31,3,0,465,Cash,Delivered,2,No,,,,,
29,05-05-2025,C079,LB Nagar,Non-Veg,Breakfast,07:45:00,Vikram,2.7,14,37,2,0,230,Cash,Delivered,5,No,,,,,
30,04-04-2025,C138,Ameerpet,Veg,Dinner,19:45:00,Rahul,5.2,14,39,2,0,260,UPI,Delivered,5,No,,,,,
31,04-05-2025,C030,Begumpet,Veg,Breakfast,09:00:00,Vikram,4.7,23,28,1,20,60,Card,Delivered,4,No,,,,,
32,06-04-2025,C051,Ameerpet,Veg,Dinner,21:00:00,Naveen,3.8,15,20,2,20,240,UPI,Late,5,No,,,,,
33,25-06-2025,C076,Banjara Hills,Non-Veg,Lunch,13:10:00,Suresh,5.2,19,35,1,0,155,Cash,Late,4,No,,,,,
34,24-05-2025,C149,Jubilee Hills,Veg,Dinner,21:15:00,Kiran,4,9,29,1,15,115,Wallet,Delivered,4,No,,,,,
35,27-05-2025,C086,Hitech City,Non-Veg,Lunch,12:50:00,Vikram,3.7,13,31,3,20,445,Card,Delivered,5,No,,,,,
36,29-04-2025,C148,Gachibowli,Veg,Breakfast,08:00:00,Naveen,5.4,29,37,4,15,305,Wallet,Delivered,4,No,,,,,
37,22-05-2025,C133,Secunderabad,Non-Veg,Breakfast,08:00:00,Rahul,5.1,17,19,2,0,230,Cash,Delivered,4,No,,,,,
38,16-04-2025,C130,Begumpet,Veg,Lunch,12:50:00,Imran,4.4,18,53,4,15,465,Cash,Delivered,5,No,,,,,
39,31-05-2025,C020,Miyapur,Non-Veg,Lunch,13:20:00,Arun,4.1,19,32,1,15,140,Cash,Delivered,5,No,,,,,
40,05-05-2025,C105,Ameerpet,Veg,Lunch,13:10:00,Imran,1.9,24,34,1,20,100,Wallet,Delivered,5,Yes,,,,,
41,08-04-2025,C098,Secunderabad,Jain,Breakfast,10:45:00,Rahul,6.2,12,48,1,20,75,Card,Delivered,5,No,,,,,
42,09-05-2025,C104,Miyapur,Veg,Lunch,14:20:00,Suresh,1.4,21,45,1,10,110,Wallet,Delivered,4,No,,,,,
43,17-04-2025,C047,Madhapur,Veg,Dinner,18:45:00,Arun,2.3,14,30,2,0,260,Wallet,Late,4,No,,,,,
44,12-05-2025,C005,Miyapur,Veg,Breakfast,10:40:00,Rahul,3.4,8,32,2,0,160,Card,Delivered,4,No,,,,,
45,29-04-2025,C122,Manikonda,Non-Veg,Dinner,18:00:00,Amit,2.2,20,22,3,0,495,Cash,Delivered,5,No,,,,,
46,30-05-2025,C080,Hitech City,Veg,Dinner,20:40:00,Rahul,7.9,13,38,1,20,110,Card,Late,3,No,,,,,
47,13-06-2025,C078,LB Nagar,Jain,Dinner,21:45:00,Amit,6.3,10,39,1,15,130,UPI,Late,5,No,,,,,
48,15-05-2025,C093,Manikonda,Veg,Dinner,21:40:00,Imran,7.4,8,41,1,0,130,Cash,Delivered,5,No,,,,,
49,26-05-2025,C023,Kukatpally,Veg,Breakfast,09:50:00,Imran,5.1,22,25,2,15,145,Cash,Delivered,4,No,,,,,
50,30-05-2025,C088,Kukatpally,Veg,Dinner,21:40:00,Arun,1.6,21,30,2,0,260,UPI,Delivered,4,No,,,,,
51,06-06-2025,C115,Dilsukhnagar,Non-Veg,Breakfast,07:20:00,Rahul,5.1,20,29,1,0,115,UPI,Late,4,No,,,,,
52,08-05-2025,C109,Miyapur,Veg,Breakfast,10:20:00,Kiran,5,19,29,1,10,70,Card,Cancelled,0,No,,,,,
53,29-06-2025,C048,Gachibowli,Veg,Lunch,13:30:00,Vikram,8.6,20,32,1,0,120,Wallet,Delivered,3,No,,,,,
54,06-05-2025,C033,Kukatpally,Non-Veg,Dinner,20:10:00,Rahul,5.9,12,43,1,0,165,UPI,Delivered,4,No,,,,,
55,10-06-2025,C014,Kukatpally,Veg,Lunch,12:50:00,Imran,7,13,46,1,0,120,UPI,Delivered,4,No,,,,,
56,09-04-2025,C022,Gachibowli,Veg,Lunch,14:10:00,Amit,5.4,22,50,2,0,240,Wallet,Delivered,5,No,,,,,
57,17-06-2025,C026,Dilsukhnagar,Veg,Dinner,19:45:00,Vikram,4,13,25,1,15,115,Cash,Delivered,4,No,,,,,
58,04-05-2025,C121,Kukatpally,Veg,Dinner,18:15:00,Rahul,2.7,17,33,1,0,130,Cash,Delivered,4,No,,,,,
59,07-05-2025,C051,Begumpet,Veg,Dinner,20:50:00,Amit,5.1,22,35,1,0,130,Cash,Late,5,No,,,,,
60,22-06-2025,C146,Uppal,Veg,Breakfast,09:15:00,Arun,7.7,16,62,1,0,80,Wallet,Cancelled,0,No,,,,,
61,16-04-2025,C111,Miyapur,Jain,Lunch,13:45:00,Kiran,5.9,12,28,1,10,125,Card,Delivered,3,Yes,,,,,
62,04-04-2025,C045,Secunderabad,Jain,Breakfast,08:00:00,Imran,5.6,16,41,2,0,190,Card,Cancelled,0,Yes,,,,,
63,24-04-2025,C042,Ameerpet,Jain,Dinner,21:50:00,Naveen,5.5,17,29,1,10,135,Wallet,Delivered,4,No,,,,,
64,07-05-2025,C132,LB Nagar,Veg,Dinner,21:00:00,Rahul,1.2,15,34,1,0,130,Wallet,Delivered,5,No,,,,,
65,23-05-2025,C074,Secunderabad,Veg,Breakfast,08:40:00,Imran,5,10,36,1,10,70,UPI,Delivered,4,No,,,,,
66,04-04-2025,C030,Secunderabad,Veg,Dinner,19:15:00,Amit,5.3,12,36,1,10,120,Cash,Delivered,4,No,,,,,
67,03-06-2025,C049,Uppal,Veg,Dinner,20:30:00,Suresh,4.6,11,37,1,10,120,UPI,Delivered,4,No,,,,,
68,06-05-2025,C126,LB Nagar,Non-Veg,Lunch,13:30:00,Suresh,5.7,24,44,1,0,155,Wallet,Cancelled,0,No,,,,,
69,08-06-2025,C062,Jubilee Hills,Veg,Lunch,13:40:00,Naveen,1.5,12,32,1,10,110,Cash,Delivered,5,No,,,,,
70,23-05-2025,C039,Secunderabad,Non-Veg,Breakfast,09:50:00,Rahul,5.6,21,65,2,10,220,Cash,Late,5,No,,,,,
71,04-06-2025,C040,Hitech City,Non-Veg,Dinner,20:10:00,Imran,5.8,24,44,1,15,150,Card,Delivered,1,No,,,,,
72,14-05-2025,C125,LB Nagar,Non-Veg,Dinner,21:10:00,Rahul,5.9,16,42,2,0,315,UPI,Delivered,5,No,,,,,
73,01-05-2025,C043,Miyapur,Non-Veg,Dinner,20:20:00,Arun,2.8,16,26,1,0,165,UPI,Late,5,No,,,,,
74,06-04-2025,C047,Kondapur,Veg,Lunch,11:30:00,Suresh,4.7,31,19,1,0,120,UPI,Cancelled,0,No,,,,,
75,18-06-2025,C003,Uppal,Jain,Lunch,12:50:00,Imran,6,8,33,1,10,125,Card,Late,4,No,,,,,
76,26-06-2025,C065,Secunderabad,Veg,Dinner,19:10:00,Arun,6.9,18,30,1,15,115,Cash,Delivered,5,No,,,,,
77,20-05-2025,C102,Kukatpally,Veg,Lunch,11:20:00,Rahul,2.9,22,24,1,0,120,UPI,Late,4,No,,,,,
78,17-06-2025,C036,Manikonda,Non-Veg,Dinner,21:30:00,Amit,5,18,29,1,0,165,UPI,Delivered,5,No,,,,,
79,10-05-2025,C034,Dilsukhnagar,Non-Veg,Lunch,11:40:00,Kiran,9.2,21,27,1,0,155,Card,Delivered,5,No,,,,,
80,22-04-2025,C058,LB Nagar,Non-Veg,Lunch,14:30:00,Naveen,4.9,14,41,1,0,155,Card,Delivered,5,No,,,,,
81,12-04-2025,C096,Hitech City,Veg,Lunch,11:30:00,Vikram,2.8,17,34,1,20,100,Wallet,Late,5,No,,,,,
82,04-04-2025,C036,Madhapur,Veg,Dinner,20:20:00,Rahul,6.4,10,35,1,10,120,Card,Late,4,No,,,,,
83,03-06-2025,C139,Begumpet,Non-Veg,Breakfast,07:20:00,Suresh,3.5,14,46,1,10,105,Wallet,Delivered,5,No,,,,,
84,23-06-2025,C061,LB Nagar,Jain,Breakfast,10:45:00,Kiran,5.4,10,43,1,20,75,UPI,Delivered,4,No,,,,,
85,27-06-2025,C006,Madhapur,Veg,Lunch,13:00:00,Kiran,9.2,24,31,1,0,120,Cash,Delivered,3,No,,,,,
86,17-04-2025,C038,Dilsukhnagar,Non-Veg,Dinner,19:10:00,Rahul,3.4,25,26,1,15,150,Card,Delivered,5,No,,,,,
87,19-04-2025,C083,Madhapur,Veg,Breakfast,09:15:00,Suresh,5.5,22,28,2,0,160,Card,Delivered,4,No,,,,,
88,07-04-2025,C116,Banjara Hills,Non-Veg,Breakfast,10:10:00,Vikram,4.4,8,25,1,0,115,UPI,Cancelled,0,No,,,,,
89,24-06-2025,C114,Hitech City,Veg,Dinner,20:50:00,Amit,3.9,10,45,1,10,120,Card,Delivered,4,No,,,,,
90,17-06-2025,C136,Kukatpally,Veg,Breakfast,07:15:00,Imran,1.4,15,28,1,15,65,Wallet,Late,4,No,,,,,
91,13-04-2025,C025,Ameerpet,Veg,Dinner,18:20:00,Naveen,7.7,9,49,2,10,250,Card,Delivered,5,No,,,,,
92,25-06-2025,C096,Dilsukhnagar,Veg,Lunch,13:15:00,Suresh,4.5,12,37,1,0,120,UPI,Delivered,3,No,,,,,
93,15-06-2025,C080,Ameerpet,Veg,Dinner,20:10:00,Amit,4.9,14,35,2,10,250,Cash,Late,2,No,,,,,
94,20-04-2025,C058,Dilsukhnagar,Non-Veg,Dinner,21:20:00,Naveen,3.7,18,37,1,15,150,UPI,Delivered,3,No,,,,,
95,17-06-2025,C037,Jubilee Hills,Veg,Dinner,20:00:00,Naveen,8,10,58,2,0,260,UPI,Delivered,4,No,,,,,
96,19-04-2025,C084,Dilsukhnagar,Non-Veg,Dinner,18:10:00,Amit,0.8,17,31,1,10,155,UPI,Delivered,4,No,,,,,
97,20-04-2025,C070,Gachibowli,Veg,Breakfast,07:10:00,Amit,5.1,14,33,2,10,150,Card,Cancelled,0,No,,,,,
98,26-05-2025,C053,Kukatpally,Veg,Breakfast,09:50:00,Vikram,3.4,14,38,1,0,80,Cash,Delivered,5,Yes,,,,,
99,03-05-2025,C129,Banjara Hills,Veg,Lunch,13:10:00,Kiran,5.3,13,42,2,0,240,UPI,Delivered,4,No,,,,,
100,21-05-2025,C104,Miyapur,Veg,Dinner,18:45:00,Naveen,5.2,22,40,3,0,390,Card,Cancelled,0,No,,,,,
101,15-04-2025,C028,Gachibowli,Veg,Lunch,11:40:00,Naveen,2.7,14,36,3,10,350,Wallet,Late,5,No,,,,,
102,07-06-2025,C131,Gachibowli,Non-Veg,Breakfast,10:30:00,Kiran,5.8,17,37,1,0,115,Card,Delivered,4,No,,,,,
103,22-06-2025,C046,Dilsukhnagar,Veg,Breakfast,08:10:00,Imran,7.3,14,43,1,15,65,Wallet,Delivered,0,No,,,,,
104,12-06-2025,C078,Dilsukhnagar,Non-Veg,Dinner,21:40:00,Arun,4.1,16,41,1,0,165,UPI,Delivered,3,No,,,,,
105,16-05-2025,C024,Jubilee Hills,Veg,Dinner,18:30:00,Naveen,6.3,22,48,1,0,130,Wallet,Delivered,3,No,,,,,
106,14-06-2025,C016,Secunderabad,Jain,Dinner,18:50:00,Amit,4.5,22,31,1,0,145,Card,Delivered,5,No,,,,,
107,11-04-2025,C041,Ameerpet,Veg,Dinner,19:00:00,Kiran,5.2,17,36,1,10,120,Card,Cancelled,0,No,,,,,
108,20-05-2025,C073,Kukatpally,Non-Veg,Lunch,13:00:00,Suresh,5.8,13,53,1,0,155,Card,Delivered,3,No,,,,,
109,11-04-2025,C022,Kukatpally,Veg,Dinner,19:40:00,Naveen,2.3,10,38,2,20,240,Card,Delivered,3,No,,,,,
110,17-04-2025,C125,Gachibowli,Veg,Dinner,18:45:00,Vikram,6.2,21,42,1,0,130,Cash,Delivered,5,No,,,,,
111,20-04-2025,C087,Uppal,Veg,Breakfast,09:10:00,Suresh,4.5,12,34,1,20,60,Wallet,Cancelled,0,Yes,,,,,
112,20-04-2025,C073,Dilsukhnagar,Non-Veg,Breakfast,08:15:00,Imran,3,23,29,1,0,115,Cash,Late,5,No,,,,,
113,08-06-2025,C119,Dilsukhnagar,Jain,Breakfast,09:50:00,Arun,2.7,16,33,1,20,75,Wallet,Cancelled,0,No,,,,,
114,04-06-2025,C096,Banjara Hills,Non-Veg,Dinner,21:15:00,Amit,3.3,13,33,2,0,330,UPI,Delivered,2,No,,,,,
115,07-05-2025,C116,Uppal,Veg,Breakfast,08:30:00,Kiran,5,14,31,1,10,70,UPI,Delivered,5,No,,,,,
116,24-05-2025,C086,Dilsukhnagar,Veg,Breakfast,10:40:00,Suresh,5,9,23,4,0,320,Cash,Delivered,2,No,,,,,
117,05-04-2025,C056,LB Nagar,Non-Veg,Lunch,14:15:00,Suresh,2.9,16,33,1,15,140,Wallet,Delivered,5,Yes,,,,,
118,15-04-2025,C029,LB Nagar,Veg,Lunch,12:30:00,Imran,7.7,23,39,1,20,100,UPI,Cancelled,0,No,,,,,
119,20-06-2025,C022,Banjara Hills,Veg,Dinner,19:15:00,Kiran,4.5,11,33,1,0,130,UPI,Delivered,5,No,,,,,
120,07-06-2025,C018,Ameerpet,Non-Veg,Dinner,18:45:00,Vikram,3.9,19,26,1,10,155,UPI,Delivered,4,Yes,,,,,
121,14-06-2025,C123,Manikonda,Veg,Dinner,20:15:00,Suresh,5.6,27,35,1,20,110,Cash,Delivered,5,No,,,,,
122,09-04-2025,C102,LB Nagar,Veg,Dinner,21:00:00,Imran,5.4,22,32,1,0,130,Card,Delivered,4,No,,,,,
123,05-04-2025,C112,Uppal,Veg,Dinner,19:30:00,Naveen,5,18,35,2,20,240,Wallet,Delivered,4,No,,,,,
124,20-05-2025,C021,Begumpet,Veg,Lunch,12:50:00,Suresh,2.8,18,34,1,15,105,Card,Delivered,5,No,,,,,
125,12-05-2025,C090,Secunderabad,Veg,Breakfast,07:40:00,Rahul,7.7,23,57,1,15,65,Card,Late,4,No,,,,,
126,18-06-2025,C041,Madhapur,Veg,Lunch,13:00:00,Suresh,2.8,23,32,1,0,120,Wallet,Cancelled,0,No,,,,,
127,05-04-2025,C040,Manikonda,Non-Veg,Breakfast,07:20:00,Imran,9.3,13,36,1,10,105,Card,Cancelled,0,Yes,,,,,
128,18-05-2025,C048,Secunderabad,Veg,Lunch,11:15:00,Naveen,3.2,8,27,1,20,100,UPI,Delivered,4,No,,,,,
129,04-05-2025,C116,Kondapur,Jain,Lunch,14:20:00,Imran,2.8,18,33,1,10,125,UPI,Delivered,3,No,,,,,
130,27-06-2025,C045,Dilsukhnagar,Veg,Lunch,13:10:00,Kiran,8.6,23,37,1,0,120,Cash,Delivered,5,No,,,,,
131,16-04-2025,C142,Kondapur,Non-Veg,Breakfast,08:20:00,Amit,2.5,20,19,1,15,100,UPI,Cancelled,0,No,,,,,
132,10-05-2025,C116,Secunderabad,Non-Veg,Lunch,14:45:00,Kiran,8.5,25,38,2,0,310,Cash,Delivered,5,No,,,,,
133,10-06-2025,C042,Ameerpet,Veg,Dinner,19:15:00,Vikram,0.8,26,25,3,0,390,Card,Delivered,4,No,,,,,
134,06-06-2025,C024,Banjara Hills,Veg,Lunch,11:30:00,Suresh,7.2,8,34,3,0,360,Cash,Delivered,5,No,,,,,
135,22-04-2025,C054,Dilsukhnagar,Non-Veg,Dinner,20:00:00,Naveen,4.5,18,30,1,0,165,UPI,Late,0,No,,,,,
136,03-06-2025,C016,Kondapur,Veg,Dinner,20:30:00,Imran,5.9,11,35,2,20,240,Wallet,Delivered,4,Yes,,,,,
137,01-06-2025,C103,Kondapur,Veg,Lunch,12:40:00,Kiran,4.8,21,40,1,20,100,UPI,Delivered,5,No,,,,,
138,11-05-2025,C108,Gachibowli,Veg,Breakfast,10:10:00,Suresh,2,8,39,1,0,80,Card,Delivered,4,No,,,,,
139,13-06-2025,C006,Hitech City,Non-Veg,Dinner,20:20:00,Naveen,5.2,13,47,1,15,150,Wallet,Delivered,4,No,,,,,
140,01-05-2025,C028,Begumpet,Veg,Breakfast,09:00:00,Suresh,4.8,25,35,1,20,60,Card,Late,4,No,,,,,
141,17-05-2025,C130,Secunderabad,Veg,Lunch,13:00:00,Arun,9,28,41,1,0,120,UPI,Delivered,5,Yes,,,,,
142,17-04-2025,C129,Madhapur,Non-Veg,Breakfast,10:40:00,Rahul,6.6,21,49,1,0,115,UPI,Delivered,4,No,,,,,
143,18-04-2025,C042,Begumpet,Veg,Dinner,20:50:00,Arun,2.4,22,38,1,15,115,Card,Delivered,4,No,,,,,
144,04-06-2025,C079,Dilsukhnagar,Veg,Dinner,21:30:00,Rahul,0.8,10,12,1,0,130,Wallet,Late,3,No,,,,,
145,04-05-2025,C038,LB Nagar,Veg,Dinner,19:00:00,Vikram,3.9,22,44,1,20,110,UPI,Late,5,No,,,,,
146,13-06-2025,C121,LB Nagar,Veg,Dinner,18:20:00,Rahul,4.7,27,23,1,0,130,Cash,Delivered,5,No,,,,,
147,06-06-2025,C091,Manikonda,Veg,Breakfast,09:50:00,Arun,0.8,17,29,1,0,80,Wallet,Delivered,5,No,,,,,
148,25-04-2025,C126,Ameerpet,Veg,Breakfast,09:30:00,Imran,4.4,8,33,3,0,240,Card,Delivered,5,No,,,,,
149,11-06-2025,C038,Kukatpally,Veg,Dinner,20:30:00,Rahul,1.6,22,31,2,10,250,Card,Delivered,5,No,,,,,
150,11-04-2025,C036,Hitech City,Non-Veg,Lunch,14:30:00,Vikram,2.4,14,21,1,0,140,Cash,Delivered,5,No,,,,,
151,07-04-2025,C002,Banjara Hills,Veg,Dinner,19:20:00,Suresh,4.4,23,25,1,20,110,Wallet,Delivered,3,No,,,,,
152,23-06-2025,C147,Gachibowli,Non-Veg,Lunch,14:20:00,Rahul,5.6,14,29,1,0,155,Cash,Late,2,No,,,,,
153,24-05-2025,C146,Jubilee Hills,Non-Veg,Breakfast,07:45:00,Amit,4.3,11,29,1,20,95,Card,Delivered,5,Yes,,,,,
154,07-05-2025,C066,Miyapur,Non-Veg,Lunch,14:15:00,Suresh,1.9,29,29,1,0,155,UPI,Delivered,4,No,,,,,
155,14-05-2025,C025,Kondapur,Veg,Lunch,12:15:00,Suresh,3,19,30,1,10,110,Wallet,Delivered,4,No,,,,,
156,12-05-2025,C003,Kukatpally,Veg,Breakfast,07:30:00,Kiran,4,21,39,1,0,80,Cash,Delivered,4,No,,,,,
157,08-04-2025,C076,Ameerpet,Veg,Dinner,18:50:00,Vikram,3.3,14,29,1,15,115,Cash,Late,0,No,,,,,
158,18-04-2025,C138,Dilsukhnagar,Non-Veg,Lunch,12:50:00,Vikram,0.8,8,37,1,10,145,Cash,Late,5,No,,,,,
159,27-06-2025,C130,Gachibowli,Veg,Dinner,18:50:00,not avilable any delivery patner,8.1,16,45,1,15,115,Cash,Delivered,3,No,,,,,
160,12-05-2025,C015,Secunderabad,Veg,Dinner,21:10:00,Suresh,5.2,36,44,2,10,250,Wallet,Delivered,5,No,,,,,
161,29-05-2025,C056,Jubilee Hills,Veg,Dinner,18:50:00,Amit,4.2,12,20,1,0,130,UPI,Delivered,4,Yes,,,,,
162,25-05-2025,C035,Dilsukhnagar,Jain,Lunch,11:00:00,Naveen,4.9,13,23,1,10,125,Card,Delivered,4,No,,,,,
163,19-05-2025,C046,Banjara Hills,Veg,Lunch,14:45:00,Naveen,3.1,11,44,3,15,345,Cash,Delivered,5,No,,,,,
164,29-04-2025,C059,Gachibowli,Veg,Breakfast,07:30:00,Imran,6.4,17,49,2,10,150,Card,Cancelled,0,No,,,,,
165,20-04-2025,C009,Secunderabad,Veg,Lunch,12:10:00,Rahul,4.7,12,46,2,15,225,Cash,Delivered,4,Yes,,,,,
166,06-04-2025,C148,Ameerpet,Veg,Lunch,14:20:00,Kiran,5.7,11,34,2,0,240,Cash,Delivered,4,No,,,,,
167,09-05-2025,C110,Banjara Hills,Veg,Breakfast,08:45:00,Imran,2.6,9,37,1,15,65,UPI,Late,5,No,,,,,
168,15-05-2025,C062,LB Nagar,Veg,Dinner,21:40:00,Vikram,8.7,9,46,1,0,130,Card,Delivered,4,No,,,,,
169,19-04-2025,C021,Uppal,Jain,Lunch,11:45:00,Imran,3.1,15,26,1,0,135,Card,Delivered,4,No,,,,,
170,12-04-2025,C144,Gachibowli,Veg,Dinner,19:00:00,Imran,2.6,18,23,2,15,245,Cash,Delivered,5,No,,,,,
171,13-05-2025,C063,Miyapur,Jain,Lunch,11:20:00,Vikram,5.1,17,33,3,0,405,Wallet,Late,5,No,,,,,
172,01-05-2025,C128,Secunderabad,Veg,Dinner,20:30:00,Amit,2.5,14,36,1,0,130,Wallet,Delivered,4,No,,,,,
173,11-05-2025,C150,Jubilee Hills,Veg,Breakfast,09:40:00,Naveen,5.6,12,36,1,0,80,Card,Late,3,No,,,,,
174,20-04-2025,C087,Kukatpally,Veg,Breakfast,09:20:00,Imran,6.2,8,41,2,10,150,Wallet,Cancelled,0,No,,,,,
175,29-05-2025,C016,Banjara Hills,Veg,Breakfast,09:15:00,Rahul,3,21,24,1,0,80,UPI,Cancelled,0,No,,,,,
176,25-06-2025,C117,Ameerpet,Veg,Breakfast,07:45:00,Rahul,0.8,8,26,1,0,80,Wallet,Late,3,No,,,,,
177,24-06-2025,C138,Kukatpally,Veg,Lunch,11:00:00,Rahul,5.1,12,40,1,0,120,Wallet,Cancelled,0,No,,,,,
178,23-04-2025,C096,Begumpet,Veg,Breakfast,07:15:00,Imran,0.8,17,16,1,0,80,Cash,Delivered,4,No,,,,,
179,29-06-2025,C122,Madhapur,Veg,Breakfast,09:10:00,Rahul,3.1,18,24,2,0,160,Cash,Delivered,4,No,,,,,
180,11-04-2025,C059,Gachibowli,Veg,Lunch,14:40:00,Imran,3.7,24,27,2,0,240,Card,Cancelled,0,No,,,,,
181,06-04-2025,C102,Uppal,Veg,Breakfast,09:00:00,Amit,6.3,11,41,2,0,160,Card,Delivered,5,No,,,,,
182,21-04-2025,C021,Banjara Hills,Veg,Dinner,19:45:00,Kiran,7.7,8,34,1,10,120,UPI,Late,3,No,,,,,
183,13-04-2025,C070,Dilsukhnagar,Veg,Lunch,12:10:00,Imran,5.8,16,39,2,15,225,Wallet,Delivered,5,No,,,,,
184,30-04-2025,C064,Miyapur,Veg,Lunch,14:45:00,Amit,3.2,18,30,1,10,110,UPI,Delivered,5,No,,,,,
185,05-05-2025,C093,Dilsukhnagar,Non-Veg,Breakfast,10:15:00,Arun,7.1,19,41,1,0,115,UPI,Delivered,1,No,,,,,
186,17-04-2025,C024,Jubilee Hills,Veg,Breakfast,08:45:00,Kiran,3.6,15,28,1,10,70,Wallet,Delivered,2,No,,,,,
187,02-04-2025,C098,Kondapur,Non-Veg,Lunch,14:45:00,Suresh,5.4,15,38,2,15,295,Card,Delivered,5,No,,,,,
188,09-05-2025,C065,Gachibowli,Veg,Lunch,14:15:00,Imran,9.1,23,40,1,10,110,Cash,Delivered,4,Yes,,,,,
189,29-05-2025,C086,Begumpet,Veg,Breakfast,08:30:00,Suresh,7.1,15,22,1,15,65,Card,Delivered,5,No,,,,,
190,12-05-2025,C148,Dilsukhnagar,Veg,Dinner,19:50:00,Vikram,2.3,8,26,3,0,390,Card,Delivered,5,No,,,,,
191,19-05-2025,C141,Madhapur,Veg,Lunch,14:40:00,Imran,4.5,28,36,1,15,105,Cash,Cancelled,0,No,,,,,
192,27-05-2025,C109,Dilsukhnagar,Veg,Lunch,11:45:00,Naveen,4,22,15,1,0,120,UPI,Delivered,4,No,,,,,
193,28-05-2025,C093,Miyapur,Veg,Dinner,21:45:00,Amit,5,22,23,3,20,370,UPI,Delivered,5,No,,,,,
194,02-05-2025,C085,Dilsukhnagar,Veg,Dinner,20:15:00,Naveen,7,20,35,1,20,110,UPI,Late,5,No,,,,,
195,02-04-2025,C101,Secunderabad,Veg,Breakfast,09:20:00,Suresh,5.9,31,38,1,15,65,Card,Late,0,No,,,,,
196,04-04-2025,C117,Dilsukhnagar,Veg,Lunch,11:30:00,Vikram,5,15,28,3,0,360,Wallet,Late,3,No,,,,,
197,15-05-2025,C006,LB Nagar,Non-Veg,Lunch,11:50:00,Kiran,6.3,12,38,1,0,155,UPI,Delivered,2,No,,,,,
198,26-06-2025,C048,Kondapur,Veg,Breakfast,08:15:00,Naveen,3.4,20,34,1,10,70,Wallet,Delivered,4,No,,,,,
199,04-04-2025,C017,Jubilee Hills,Veg,Dinner,19:50:00,Amit,6.8,14,36,1,20,110,Cash,Delivered,4,No,,,,,
200,17-05-2025,C081,Jubilee Hills,Veg,Lunch,12:50:00,Naveen,2.3,15,32,2,10,230,Wallet,Cancelled,0,No,,,,,
201,15-06-2025,C022,Manikonda,Non-Veg,Breakfast,09:40:00,Suresh,6.2,12,44,1,20,95,Card,Late,5,No,,,,,
202,16-04-2025,C099,Begumpet,Veg,Breakfast,09:10:00,Suresh,7.5,20,55,2,15,145,Wallet,Delivered,4,No,,,,,
203,21-06-2025,C003,Secunderabad,Veg,Dinner,19:15:00,Suresh,2.8,10,16,1,0,130,Cash,Delivered,5,No,,,,,
204,20-05-2025,C057,Kukatpally,Veg,Dinner,21:45:00,Rahul,7.8,21,40,1,10,120,Card,Delivered,0,No,,,,,
205,29-04-2025,C147,Hitech City,Non-Veg,Dinner,20:15:00,Arun,5.1,11,54,1,10,155,Card,Cancelled,0,No,,,,,
206,09-06-2025,C116,Kukatpally,Jain,Breakfast,10:20:00,Kiran,4.8,18,40,1,0,75,UPI,Delivered,4,No,,,,,
207,27-05-2025,C036,Dilsukhnagar,Non-Veg,Breakfast,08:20:00,Vikram,5.6,19,29,1,0,115,Cash,Late,5,No,,,,,
208,08-04-2025,C132,Uppal,Veg,Dinner,20:30:00,Amit,5.5,29,46,1,20,110,Cash,Delivered,4,No,,,,,
209,23-05-2025,C101,Secunderabad,Non-Veg,Breakfast,09:15:00,Suresh,8,14,33,1,0,115,Card,Late,4,No,,,,,
210,20-06-2025,C095,Secunderabad,Veg,Lunch,14:50:00,Imran,4.2,18,42,2,0,240,Card,Delivered,4,No,,,,,
211,14-06-2025,C110,LB Nagar,Veg,Breakfast,07:50:00,Vikram,0.8,27,25,2,0,160,Wallet,Cancelled,0,No,,,,,
212,05-05-2025,C012,Hitech City,Veg,Lunch,13:40:00,Imran,3.6,11,18,1,10,110,UPI,Delivered,5,No,,,,,
213,16-04-2025,C078,Kondapur,Veg,Breakfast,10:50:00,Arun,6.3,18,27,3,0,240,UPI,Late,5,No,,,,,
214,23-06-2025,C060,Begumpet,Veg,Lunch,13:10:00,Amit,1.7,15,41,3,0,360,UPI,Delivered,4,No,,,,,
215,01-04-2025,C031,LB Nagar,Veg,Breakfast,10:10:00,Naveen,3.9,8,30,1,20,60,Cash,Delivered,1,No,,,,,
216,01-06-2025,C098,Dilsukhnagar,Veg,Breakfast,08:45:00,Suresh,3.9,8,32,2,0,160,Cash,Delivered,4,No,,,,,
217,09-04-2025,C114,LB Nagar,Veg,Dinner,18:15:00,Vikram,4,22,47,2,20,240,UPI,Late,3,No,,,,,
218,13-04-2025,C142,Jubilee Hills,Veg,Breakfast,07:45:00,Arun,7,16,30,1,0,80,UPI,Delivered,4,No,,,,,
219,24-06-2025,C128,Manikonda,Non-Veg,Lunch,12:20:00,Amit,10.2,18,45,1,0,155,UPI,Delivered,4,No,,,,,
220,17-05-2025,C121,Dilsukhnagar,Non-Veg,Lunch,12:45:00,Amit,4.4,19,32,1,0,155,UPI,Cancelled,0,No,,,,,
221,15-06-2025,C129,Dilsukhnagar,Veg,Breakfast,07:30:00,Naveen,3.2,14,31,3,10,230,Wallet,Cancelled,0,No,,,,,
222,29-06-2025,C084,Begumpet,Veg,Lunch,11:15:00,Amit,3.3,13,32,1,15,105,Card,Delivered,5,No,,,,,
223,29-06-2025,C045,Hitech City,Veg,Lunch,12:00:00,Rahul,3.9,27,12,3,0,360,Cash,Delivered,5,Yes,,,,,
224,29-06-2025,C069,Miyapur,Jain,Breakfast,08:50:00,Amit,6.9,25,22,1,20,75,UPI,Delivered,3,No,,,,,
225,13-05-2025,C015,Secunderabad,Veg,Lunch,13:10:00,Suresh,3.7,15,21,3,20,340,Card,Delivered,4,No,,,,,
226,21-04-2025,C099,Uppal,Veg,Lunch,11:10:00,Suresh,2.8,11,44,1,0,120,Cash,Delivered,4,No,,,,,
227,05-04-2025,C096,Hitech City,Veg,Dinner,21:20:00,Rahul,6.6,25,43,1,20,110,Cash,Delivered,4,Yes,,,,,
228,29-04-2025,C003,Ameerpet,Veg,Dinner,18:45:00,Vikram,2,14,32,1,0,130,Card,Delivered,4,No,,,,,
229,12-06-2025,C063,Kondapur,Veg,Lunch,12:50:00,Rahul,1.8,22,26,3,0,360,Wallet,Late,5,No,,,,,
230,04-04-2025,C027,Gachibowli,Jain,Breakfast,09:00:00,Vikram,3.7,22,35,1,20,75,Wallet,Delivered,5,No,,,,,
231,02-06-2025,C022,Jubilee Hills,Veg,Breakfast,08:30:00,Amit,3.7,24,23,3,15,225,Cash,Delivered,5,No,,,,,
232,21-06-2025,C101,Miyapur,Veg,Lunch,11:00:00,Kiran,5.9,21,34,3,0,360,Card,Delivered,4,No,,,,,
233,28-05-2025,C120,Ameerpet,Jain,Lunch,12:10:00,Naveen,5.2,10,42,1,15,120,UPI,Delivered,3,No,,,,,
234,08-06-2025,C011,Gachibowli,Veg,Lunch,12:50:00,Kiran,4.1,14,41,1,0,120,Cash,Delivered,3,No,,,,,
235,12-04-2025,C104,LB Nagar,Veg,Dinner,19:40:00,Imran,3,9,18,1,0,130,Cash,Delivered,5,No,,,,,
236,13-04-2025,C022,Jubilee Hills,Veg,Lunch,11:15:00,Arun,5.8,10,50,1,0,120,UPI,Delivered,4,No,,,,,
237,03-04-2025,C044,Uppal,Non-Veg,Breakfast,08:50:00,Naveen,0.8,28,28,1,0,115,Wallet,Delivered,2,No,,,,,
238,03-06-2025,C009,Jubilee Hills,Veg,Breakfast,10:45:00,Vikram,4.3,14,36,1,0,80,Card,Delivered,4,No,,,,,
239,03-06-2025,C064,Manikonda,Veg,Lunch,14:00:00,Rahul,4.4,24,34,1,10,110,Wallet,Delivered,5,No,,,,,
240,16-05-2025,C057,Madhapur,Jain,Lunch,14:40:00,Arun,4.8,15,34,1,10,125,UPI,Delivered,3,No,,,,,
241,31-05-2025,C015,Dilsukhnagar,Jain,Dinner,20:20:00,Vikram,5.2,8,24,1,20,125,Wallet,Delivered,4,No,,,,,
242,16-05-2025,C091,Jubilee Hills,Veg,Breakfast,08:20:00,Suresh,6.1,19,35,2,20,140,Cash,Delivered,5,Yes,,,,,
243,03-06-2025,C135,Secunderabad,Veg,Dinner,20:15:00,Rahul,4.5,20,29,1,0,130,Card,Cancelled,0,No,,,,,
244,18-06-2025,C037,Dilsukhnagar,Non-Veg,Breakfast,08:40:00,Amit,2.8,19,22,3,0,345,Card,Delivered,2,No,,,,,
245,10-04-2025,C125,Manikonda,Veg,Lunch,14:10:00,Kiran,5.4,8,44,1,0,120,Cash,Late,5,No,,,,,
246,11-06-2025,C046,Miyapur,Veg,Dinner,20:20:00,Rahul,5.5,19,43,2,10,250,Wallet,Delivered,5,No,,,,,
247,12-06-2025,C037,Ameerpet,Jain,Breakfast,08:40:00,Amit,8.2,24,26,3,0,285,Cash,Late,5,No,,,,,
248,15-05-2025,C064,Miyapur,Non-Veg,Lunch,12:10:00,not avilable any delivery patner,1.7,14,28,2,20,290,Card,Delivered,4,No,,,,,
249,03-05-2025,C140,Begumpet,Veg,Breakfast,07:00:00,Amit,5.6,13,37,2,0,160,Wallet,Delivered,4,No,,,,,
250,13-06-2025,C027,Hitech City,Veg,Dinner,19:15:00,Kiran,2.8,14,19,2,0,260,Cash,Delivered,2,No,,,,,
251,19-05-2025,C043,Jubilee Hills,Veg,Breakfast,07:10:00,Naveen,2.5,9,22,4,10,310,Cash,Late,2,No,,,,,
252,07-04-2025,C073,Kukatpally,Jain,Breakfast,09:20:00,Vikram,6.8,12,59,1,15,80,UPI,Late,5,No,,,,,
253,07-04-2025,C123,Gachibowli,Veg,Lunch,14:15:00,Amit,5.6,19,29,1,0,120,UPI,Delivered,5,No,,,,,
254,27-04-2025,C024,Manikonda,Veg,Breakfast,09:10:00,Naveen,6,14,37,1,10,70,Cash,Delivered,4,No,,,,,
255,18-05-2025,C016,Kondapur,Veg,Lunch,13:15:00,Amit,10.1,17,54,1,10,110,UPI,Delivered,4,No,,,,,
256,25-06-2025,C122,Jubilee Hills,Veg,Lunch,14:20:00,Vikram,3,17,45,2,15,225,Wallet,Delivered,5,No,,,,,
257,09-05-2025,C115,Kondapur,Veg,Breakfast,10:00:00,Suresh,3.1,28,36,3,15,225,Cash,Late,5,No,,,,,
258,25-04-2025,C082,Uppal,Veg,Breakfast,07:45:00,Amit,3.3,21,39,2,0,160,UPI,Late,3,No,,,,,
259,20-05-2025,C108,Hitech City,Non-Veg,Dinner,21:40:00,Naveen,5.9,8,30,1,0,165,Cash,Late,5,No,,,,,
260,19-04-2025,C106,Kukatpally,Veg,Dinner,18:10:00,Naveen,4,17,37,1,0,130,Wallet,Cancelled,0,No,,,,,
261,13-06-2025,C103,Madhapur,Veg,Dinner,21:00:00,not avilable any delivery patner,4.9,9,37,1,15,115,Card,Cancelled,0,No,,,,,
262,28-06-2025,C072,LB Nagar,Jain,Breakfast,07:50:00,Imran,5.8,21,45,2,0,190,UPI,Delivered,5,No,,,,,
263,30-04-2025,C114,Gachibowli,Non-Veg,Breakfast,09:50:00,Naveen,6.3,20,37,1,20,95,Wallet,Delivered,5,No,,,,,
264,06-06-2025,C146,Madhapur,Veg,Lunch,11:15:00,Suresh,0.8,20,28,2,10,230,Cash,Delivered,5,No,,,,,
265,26-04-2025,C130,Begumpet,Veg,Breakfast,08:00:00,Amit,5.1,10,26,3,20,220,UPI,Delivered,4,No,,,,,
266,01-05-2025,C042,LB Nagar,Veg,Lunch,14:50:00,Arun,6.8,17,44,2,15,225,UPI,Cancelled,0,No,,,,,
267,07-05-2025,C069,Manikonda,Veg,Breakfast,10:00:00,Naveen,4.6,18,41,1,0,80,UPI,Delivered,5,No,,,,,
268,27-06-2025,C079,Miyapur,Veg,Breakfast,10:15:00,Arun,3.4,18,28,1,0,80,Wallet,Delivered,4,No,,,,,
269,19-05-2025,C027,Madhapur,Veg,Lunch,14:30:00,Kiran,3.5,16,33,1,15,105,Card,Cancelled,0,No,,,,,
270,09-05-2025,C077,Gachibowli,Veg,Dinner,18:50:00,Suresh,3.4,25,24,4,20,500,Cash,Delivered,5,No,,,,,
271,08-04-2025,C108,Begumpet,Veg,Dinner,21:40:00,Naveen,4.1,15,44,2,20,240,UPI,Delivered,5,No,,,,,
272,14-06-2025,C092,Banjara Hills,Non-Veg,Dinner,19:40:00,Arun,4.9,24,22,1,15,150,Cash,Late,5,No,,,,,
273,24-06-2025,C047,Manikonda,Veg,Dinner,19:30:00,Kiran,5.1,23,35,1,0,130,UPI,Late,5,No,,,,,
274,29-04-2025,C031,Secunderabad,Veg,Lunch,12:30:00,Rahul,6.8,14,49,2,0,240,UPI,Delivered,5,No,,,,,
275,31-05-2025,C146,Uppal,Veg,Breakfast,07:45:00,Imran,9.6,15,40,1,0,80,Cash,Delivered,5,No,,,,,
276,11-05-2025,C071,Gachibowli,Veg,Dinner,19:10:00,Suresh,7.7,27,36,1,0,130,Cash,Delivered,5,Yes,,,,,
277,02-06-2025,C096,Madhapur,Veg,Breakfast,08:45:00,Kiran,3.6,16,21,1,10,70,Cash,Delivered,1,No,,,,,
278,03-04-2025,C079,Kondapur,Veg,Dinner,18:20:00,Amit,2.5,11,23,2,0,260,UPI,Delivered,3,No,,,,,
279,09-05-2025,C049,Kondapur,Veg,Lunch,14:40:00,Naveen,4.4,19,46,2,0,240,UPI,Delivered,5,No,,,,,
280,30-04-2025,C010,Begumpet,Non-Veg,Breakfast,08:20:00,Arun,2.3,23,27,1,0,115,UPI,Delivered,4,No,,,,,
281,16-06-2025,C040,Gachibowli,Veg,Breakfast,07:00:00,Rahul,4.4,22,24,1,10,70,Card,Delivered,3,No,,,,,
282,24-05-2025,C073,Hitech City,Veg,Dinner,18:30:00,Amit,5.3,18,39,2,10,250,Wallet,Delivered,4,No,,,,,
283,26-04-2025,C141,Secunderabad,Non-Veg,Dinner,19:30:00,Vikram,5.1,32,30,3,0,495,Wallet,Late,4,No,,,,,
284,13-05-2025,C131,Hitech City,Veg,Breakfast,07:00:00,Amit,3.3,14,27,3,15,225,Card,Late,4,No,,,,,
285,22-06-2025,C081,Begumpet,Veg,Breakfast,10:30:00,Amit,3.1,25,42,1,0,80,UPI,Delivered,5,No,,,,,
286,06-04-2025,C088,Kondapur,Veg,Breakfast,08:15:00,Amit,3.2,13,35,2,15,145,Wallet,Delivered,5,No,,,,,
287,22-05-2025,C034,Miyapur,Veg,Lunch,13:45:00,Rahul,3.3,21,33,1,10,110,Cash,Late,5,No,,,,,
288,14-04-2025,C034,Secunderabad,Veg,Lunch,14:50:00,Imran,1.2,27,41,1,0,120,UPI,Cancelled,0,Yes,,,,,
289,23-05-2025,C145,Gachibowli,Veg,Lunch,11:10:00,Kiran,3.2,15,33,1,20,100,UPI,Late,4,No,,,,,
290,26-05-2025,C014,Madhapur,Veg,Dinner,19:50:00,Suresh,5.2,21,51,2,10,250,Wallet,Delivered,5,No,,,,,
291,03-06-2025,C097,Begumpet,Veg,Breakfast,07:50:00,Vikram,4.1,13,22,1,0,80,UPI,Delivered,4,No,,,,,
292,29-05-2025,C104,Begumpet,Non-Veg,Lunch,14:10:00,Rahul,2.9,17,45,1,0,155,UPI,Delivered,5,Yes,,,,,
293,12-04-2025,C117,Ameerpet,Veg,Dinner,20:20:00,Imran,3.4,19,31,1,0,130,Card,Delivered,5,No,,,,,
294,28-05-2025,C028,Madhapur,Veg,Breakfast,07:20:00,Suresh,7.1,33,34,1,20,60,Wallet,Delivered,5,No,,,,,
295,18-04-2025,C049,Miyapur,Veg,Dinner,21:10:00,Kiran,3.4,24,37,1,0,130,UPI,Delivered,4,No,,,,,
296,24-05-2025,C013,Banjara Hills,Veg,Breakfast,07:50:00,Naveen,8.6,21,39,1,15,65,Wallet,Delivered,5,Yes,,,,,
297,05-06-2025,C064,Kukatpally,Veg,Breakfast,08:15:00,Naveen,5.8,24,43,2,15,145,Card,Delivered,4,No,,,,,
298,08-05-2025,C141,LB Nagar,Veg,Lunch,12:15:00,Kiran,5.6,24,45,2,20,220,Cash,Cancelled,0,No,,,,,
299,26-04-2025,C139,Miyapur,Jain,Breakfast,09:40:00,Kiran,7.5,21,38,1,20,75,UPI,Late,5,No,,,,,
300,16-05-2025,C004,Banjara Hills,Veg,Dinner,21:45:00,Amit,4.8,25,28,2,15,245,UPI,Delivered,5,No,,,,,
301,19-05-2025,C016,Miyapur,Veg,Breakfast,07:00:00,Arun,5.3,15,35,2,0,160,Cash,Delivered,5,No,,,,,
302,09-06-2025,C144,Begumpet,Veg,Breakfast,09:50:00,Vikram,7.3,19,39,2,20,140,Card,Cancelled,0,No,,,,,
303,28-06-2025,C065,Gachibowli,Veg,Dinner,18:45:00,Imran,1.5,22,33,3,20,370,Cash,Delivered,5,Yes,,,,,
304,21-06-2025,C048,Kondapur,Non-Veg,Dinner,20:20:00,Amit,9.3,16,45,3,0,495,Wallet,Delivered,3,No,,,,,
305,06-04-2025,C040,Madhapur,Veg,Lunch,13:30:00,Suresh,5,27,34,1,0,120,Card,Delivered,4,No,,,,,
306,16-06-2025,C048,Banjara Hills,Non-Veg,Breakfast,09:50:00,Amit,5.1,21,36,1,0,115,Cash,Late,4,No,,,,,
307,24-05-2025,C136,Secunderabad,Veg,Dinner,21:10:00,Rahul,3.5,19,40,2,20,240,UPI,Delivered,4,No,,,,,
308,25-06-2025,C083,Begumpet,Jain,Lunch,14:20:00,Amit,2.2,18,23,1,15,120,Wallet,Delivered,5,No,,,,,
309,03-05-2025,C115,Secunderabad,Jain,Dinner,20:00:00,Rahul,7.1,8,34,2,0,290,Card,Cancelled,0,No,,,,,
310,23-06-2025,C017,Gachibowli,Jain,Breakfast,09:10:00,Vikram,5.3,27,35,1,15,80,Wallet,Cancelled,0,Yes,,,,,
311,14-04-2025,C014,Kondapur,Non-Veg,Breakfast,10:10:00,Arun,3.3,29,20,1,10,105,UPI,Late,4,No,,,,,
312,13-06-2025,C137,Madhapur,Veg,Breakfast,09:45:00,Amit,0.8,20,22,1,10,70,UPI,Delivered,1,No,,,,,
313,29-06-2025,C098,Begumpet,Veg,Breakfast,09:10:00,Rahul,2.3,22,31,2,15,145,Wallet,Delivered,4,No,,,,,
314,21-04-2025,C096,Madhapur,Non-Veg,Dinner,19:15:00,Suresh,3.3,10,38,2,15,315,UPI,Delivered,5,No,,,,,
315,06-04-2025,C132,Kondapur,Veg,Breakfast,10:10:00,Suresh,5.9,17,51,2,20,140,Cash,Delivered,4,No,,,,,
316,29-04-2025,C141,Secunderabad,Veg,Dinner,20:20:00,Amit,2.1,8,23,2,15,245,Card,Delivered,5,No,,,,,
317,25-06-2025,C026,Kukatpally,Veg,Breakfast,09:10:00,Amit,4.4,19,31,1,0,80,Cash,Delivered,3,No,,,,,
318,11-05-2025,C081,Begumpet,Veg,Lunch,14:40:00,Suresh,5.3,10,47,1,15,105,UPI,Delivered,5,No,,,,,
319,11-05-2025,C115,Ameerpet,Veg,Breakfast,08:45:00,Arun,4.3,24,36,1,20,60,Wallet,Late,4,No,,,,,
320,10-06-2025,C020,Miyapur,Non-Veg,Breakfast,08:10:00,Amit,5.5,21,39,2,0,230,UPI,Cancelled,0,No,,,,,
321,04-06-2025,C139,Secunderabad,Non-Veg,Dinner,18:45:00,Suresh,5.9,25,38,1,0,165,Card,Cancelled,0,No,,,,,
322,21-05-2025,C043,Dilsukhnagar,Veg,Breakfast,09:15:00,Suresh,6.1,17,48,1,10,70,Wallet,Delivered,0,No,,,,,
323,21-04-2025,C011,Manikonda,Jain,Breakfast,08:50:00,Vikram,3,28,30,1,10,85,Card,Delivered,3,No,,,,,
324,20-05-2025,C071,LB Nagar,Veg,Lunch,14:00:00,Arun,1.4,18,22,1,0,120,Cash,Late,5,No,,,,,
325,19-05-2025,C058,Banjara Hills,Veg,Dinner,21:40:00,Naveen,6.3,14,34,2,0,260,Card,Cancelled,0,No,,,,,
326,15-05-2025,C055,Kondapur,Veg,Lunch,14:00:00,Suresh,0.8,15,12,1,0,120,Cash,Delivered,3,No,,,,,
327,17-05-2025,C042,Manikonda,Veg,Dinner,18:20:00,Naveen,1,22,33,1,0,130,UPI,Delivered,5,No,,,,,
328,02-05-2025,C047,Banjara Hills,Veg,Breakfast,08:15:00,Naveen,5.4,12,35,1,15,65,UPI,Delivered,2,No,,,,,
329,24-06-2025,C037,Dilsukhnagar,Veg,Lunch,11:20:00,Suresh,4.5,11,46,4,10,470,Card,Delivered,4,No,,,,,
330,22-04-2025,C134,LB Nagar,Veg,Dinner,20:50:00,Naveen,6.4,16,38,1,10,120,Cash,Delivered,3,Yes,,,,,
331,17-06-2025,C024,Secunderabad,Jain,Breakfast,08:50:00,Suresh,5,8,33,1,15,80,UPI,Cancelled,0,No,,,,,
332,26-06-2025,C098,Ameerpet,Veg,Dinner,21:45:00,Amit,3,11,28,1,15,115,Wallet,Delivered,4,No,,,,,
333,18-04-2025,C049,Madhapur,Jain,Lunch,14:20:00,Rahul,8.5,21,37,1,15,120,UPI,Cancelled,0,No,,,,,
334,06-06-2025,C065,Kukatpally,Veg,Breakfast,10:20:00,Naveen,5.8,26,43,1,0,80,Card,Delivered,3,No,,,,,
335,18-06-2025,C065,Kukatpally,Veg,Lunch,14:20:00,Kiran,4.6,14,39,2,10,230,Wallet,Delivered,4,No,,,,,
336,18-04-2025,C087,Dilsukhnagar,Veg,Dinner,18:20:00,Rahul,5.4,23,40,2,0,260,Cash,Delivered,4,No,,,,,
337,20-05-2025,C095,Hitech City,Non-Veg,Dinner,18:10:00,Rahul,6.8,14,49,1,15,150,Wallet,Delivered,3,No,,,,,
338,22-05-2025,C133,Kukatpally,Jain,Dinner,20:00:00,Vikram,4.9,30,29,2,20,270,UPI,Delivered,4,No,,,,,
339,16-06-2025,C071,Dilsukhnagar,Veg,Dinner,19:15:00,Naveen,8.3,19,36,1,20,110,Card,Delivered,5,No,,,,,
340,25-06-2025,C144,Uppal,Veg,Lunch,14:20:00,Kiran,3.4,16,35,2,0,240,Card,Delivered,5,No,,,,,
341,06-05-2025,C019,Banjara Hills,Jain,Breakfast,08:50:00,Arun,5.7,14,36,1,0,95,Card,Delivered,4,No,,,,,
342,15-04-2025,C118,Manikonda,Veg,Dinner,20:30:00,Imran,9.2,28,46,3,15,375,UPI,Delivered,5,No,,,,,
343,01-06-2025,C106,Ameerpet,Veg,Breakfast,09:10:00,Rahul,4.6,18,39,2,0,160,Card,Late,5,No,,,,,
344,02-05-2025,C122,Ameerpet,Veg,Lunch,11:45:00,Kiran,2.2,16,16,2,0,240,Cash,Cancelled,0,No,,,,,
345,13-06-2025,C052,LB Nagar,Veg,Lunch,12:20:00,Vikram,5.4,21,31,1,20,100,Card,Delivered,5,No,,,,,
346,20-04-2025,C011,LB Nagar,Veg,Breakfast,07:10:00,Imran,8,10,29,2,15,145,Card,Delivered,5,No,,,,,
347,19-06-2025,C033,Madhapur,Veg,Lunch,14:30:00,Naveen,5,24,48,4,15,465,Wallet,Delivered,4,No,,,,,
348,09-06-2025,C003,Madhapur,Non-Veg,Breakfast,09:45:00,Vikram,3.5,24,31,2,10,220,Wallet,Delivered,5,No,,,,,
349,14-06-2025,C088,Ameerpet,Veg,Breakfast,09:40:00,Suresh,4.1,23,38,1,15,65,Wallet,Delivered,4,No,,,,,
350,25-05-2025,C059,LB Nagar,Veg,Breakfast,10:40:00,Amit,1,26,38,1,10,70,Card,Delivered,5,No,,,,,
351,01-05-2025,C108,Secunderabad,Veg,Dinner,21:45:00,Suresh,3.1,20,35,2,20,240,Card,Delivered,4,Yes,,,,,
352,02-06-2025,C025,Secunderabad,Veg,Lunch,13:00:00,Kiran,5.1,14,29,2,0,240,Card,Delivered,5,No,,,,,
353,17-05-2025,C148,Manikonda,Veg,Lunch,13:40:00,Suresh,4.4,25,38,1,20,100,Card,Cancelled,0,No,,,,,
354,16-05-2025,C043,Manikonda,Non-Veg,Lunch,14:50:00,Kiran,3.7,22,12,1,0,155,Wallet,Delivered,5,No,,,,,
355,20-06-2025,C102,Kukatpally,Veg,Dinner,21:10:00,Imran,7,8,36,1,0,130,Card,Delivered,5,No,,,,,
356,15-06-2025,C021,Gachibowli,Veg,Dinner,21:45:00,Suresh,2,10,38,2,0,260,Wallet,Late,4,No,,,,,
357,14-04-2025,C022,Hitech City,Veg,Breakfast,07:50:00,Arun,3.5,20,31,1,10,70,Cash,Cancelled,0,No,,,,,
358,11-04-2025,C044,Madhapur,Veg,Dinner,21:30:00,Rahul,5.5,18,25,2,10,250,Card,Late,3,No,,,,,
359,12-05-2025,C117,Manikonda,Veg,Lunch,14:30:00,Naveen,6.7,15,25,1,20,100,Card,Cancelled,0,No,,,,,
360,15-05-2025,C035,Ameerpet,Veg,Lunch,12:10:00,Arun,3.6,27,39,1,0,120,Wallet,Delivered,4,Yes,,,,,
361,08-06-2025,C002,Banjara Hills,Veg,Breakfast,10:50:00,Kiran,3.7,15,29,2,0,160,Cash,Cancelled,0,No,,,,,
362,23-05-2025,C021,Begumpet,Veg,Dinner,21:45:00,Vikram,9.1,20,46,2,20,240,Card,Delivered,5,No,,,,,
363,07-05-2025,C116,Kukatpally,Veg,Dinner,20:45:00,Imran,6.8,19,36,1,0,130,Cash,Delivered,3,No,,,,,
364,12-05-2025,C003,Gachibowli,Jain,Breakfast,08:00:00,Amit,4.1,17,32,1,0,95,Cash,Delivered,4,No,,,,,
365,02-04-2025,C085,Hitech City,Veg,Lunch,12:40:00,Suresh,6.1,18,43,2,10,230,UPI,Delivered,4,No,,,,,
366,05-05-2025,C064,Begumpet,Veg,Lunch,11:50:00,Imran,4.3,18,17,2,0,240,Cash,Delivered,5,No,,,,,
367,05-04-2025,C083,Kondapur,Veg,Breakfast,10:10:00,Rahul,6.5,20,45,4,10,310,UPI,Delivered,5,No,,,,,
368,03-05-2025,C112,Ameerpet,Veg,Lunch,13:20:00,Rahul,0.8,30,25,1,20,100,Cash,Delivered,5,No,,,,,
369,06-05-2025,C122,Miyapur,Non-Veg,Dinner,18:45:00,Suresh,6.9,11,43,1,0,165,Card,Cancelled,0,No,,,,,
370,12-04-2025,C138,Dilsukhnagar,Veg,Breakfast,08:50:00,Amit,2.2,14,44,1,20,60,Cash,Delivered,2,No,,,,,
371,02-06-2025,C035,Kukatpally,Non-Veg,Breakfast,09:40:00,Rahul,4.1,19,40,1,0,115,Wallet,Delivered,5,No,,,,,
372,27-05-2025,C142,Kondapur,Veg,Dinner,20:50:00,Amit,5.6,18,39,1,0,130,Cash,Delivered,5,No,,,,,
373,28-05-2025,C094,Dilsukhnagar,Veg,Lunch,13:40:00,Vikram,9.8,17,46,2,15,225,Card,Delivered,5,No,,,,,
374,09-04-2025,C083,Hitech City,Veg,Dinner,21:20:00,Amit,6.8,24,48,1,15,115,UPI,Delivered,5,No,,,,,
375,06-04-2025,C126,Banjara Hills,Veg,Breakfast,08:00:00,Arun,5.9,11,49,1,0,80,UPI,Delivered,5,No,,,,,
376,17-05-2025,C093,Banjara Hills,Jain,Breakfast,07:00:00,Naveen,2,19,22,1,10,85,Card,Delivered,4,No,,,,,
377,08-04-2025,C060,Banjara Hills,Non-Veg,Dinner,20:00:00,Naveen,4.4,19,36,2,0,330,Cash,Delivered,5,No,,,,,
378,25-04-2025,C118,Miyapur,Veg,Dinner,19:15:00,Naveen,5.4,27,39,1,20,110,UPI,Delivered,5,No,,,,,
379,22-04-2025,C141,Ameerpet,Veg,Breakfast,10:40:00,Kiran,4,23,42,1,15,65,Wallet,Delivered,5,No,,,,,
380,21-06-2025,C115,Begumpet,Veg,Lunch,13:20:00,Rahul,1.8,21,34,1,15,105,UPI,Late,4,No,,,,,
381,07-05-2025,C071,Uppal,Jain,Dinner,18:15:00,Suresh,3.8,26,31,1,0,145,UPI,Delivered,0,No,,,,,
382,05-04-2025,C024,Jubilee Hills,Veg,Lunch,13:15:00,Naveen,4.8,16,34,1,15,105,Cash,Delivered,4,No,,,,,
383,10-04-2025,C077,Madhapur,Veg,Dinner,20:50:00,Naveen,2.1,9,41,2,20,240,UPI,Late,5,No,,,,,
384,08-04-2025,C003,Manikonda,Veg,Lunch,13:45:00,Naveen,2.6,12,12,2,0,240,UPI,Late,5,No,,,,,
385,10-05-2025,C101,Secunderabad,Veg,Dinner,18:40:00,Amit,3.1,10,44,1,15,115,Cash,Late,4,Yes,,,,,
386,26-05-2025,C022,Begumpet,Veg,Lunch,14:15:00,Naveen,6.7,13,56,1,15,105,Cash,Late,2,No,,,,,
387,18-04-2025,C135,Gachibowli,Veg,Lunch,12:50:00,Vikram,6.7,16,18,1,15,105,UPI,Cancelled,0,No,,,,,
388,05-05-2025,C007,Dilsukhnagar,Veg,Lunch,13:10:00,Arun,9.5,9,30,1,0,120,Cash,Delivered,4,No,,,,,
389,15-05-2025,C022,Hitech City,Veg,Dinner,21:15:00,Rahul,6.7,32,49,3,0,390,Cash,Delivered,5,No,,,,,
390,19-06-2025,C138,Gachibowli,Veg,Breakfast,09:00:00,Vikram,5.7,21,43,2,0,160,Card,Delivered,4,No,,,,,
391,10-06-2025,C052,Dilsukhnagar,Veg,Lunch,12:00:00,Arun,6.2,19,38,3,15,345,UPI,Delivered,4,Yes,,,,,
392,30-05-2025,C099,Gachibowli,Veg,Dinner,18:10:00,Naveen,4.4,13,31,1,20,110,UPI,Delivered,0,Yes,,,,,
393,11-05-2025,C136,Kukatpally,Veg,Lunch,11:15:00,Kiran,0.8,17,18,3,15,345,Wallet,Late,2,No,,,,,
394,21-05-2025,C129,Kukatpally,Veg,Dinner,19:00:00,Rahul,2.1,19,40,1,20,110,Card,Delivered,4,No,,,,,
395,20-05-2025,C059,Begumpet,Veg,Breakfast,09:20:00,Vikram,6.5,8,30,2,20,140,Cash,Delivered,3,No,,,,,
396,25-05-2025,C052,LB Nagar,Veg,Lunch,13:50:00,Suresh,6.6,12,36,1,0,120,Card,Cancelled,0,No,,,,,
397,28-06-2025,C082,Hitech City,Jain,Dinner,19:45:00,Amit,5.7,12,37,3,0,435,Cash,Late,5,No,,,,,
398,11-05-2025,C071,Kondapur,Non-Veg,Breakfast,07:40:00,Vikram,1.6,14,30,1,10,105,UPI,Delivered,4,No,,,,,
399,17-04-2025,C021,Miyapur,Veg,Breakfast,07:30:00,Imran,1,20,26,1,15,65,Cash,Delivered,4,Yes,,,,,
400,04-06-2025,C105,Dilsukhnagar,Veg,Dinner,21:40:00,Rahul,5.7,19,47,1,10,120,Card,Delivered,3,No,,,,,
401,23-05-2025,C084,LB Nagar,Veg,Breakfast,08:20:00,Imran,4.8,15,35,3,10,230,Cash,Cancelled,0,No,,,,,
402,25-05-2025,C135,Manikonda,Non-Veg,Lunch,11:45:00,Rahul,5.7,18,36,1,20,135,UPI,Cancelled,0,No,,,,,
403,28-05-2025,C013,Gachibowli,Veg,Lunch,11:20:00,Arun,3,14,19,1,20,100,Wallet,Delivered,5,No,,,,,
404,21-05-2025,C116,Hitech City,Veg,Lunch,13:50:00,Amit,8.3,10,36,1,0,120,Cash,Late,4,No,,,,,
405,14-06-2025,C052,Uppal,Veg,Dinner,19:45:00,Imran,2.9,23,28,1,0,130,UPI,Delivered,5,No,,,,,
406,03-05-2025,C131,Jubilee Hills,Veg,Lunch,12:10:00,Suresh,7.2,13,41,2,20,220,Wallet,Delivered,3,No,,,,,
407,10-06-2025,C014,Begumpet,Jain,Lunch,11:15:00,Arun,2.7,30,20,1,20,115,Card,Delivered,3,No,,,,,
408,28-05-2025,C004,Secunderabad,Non-Veg,Lunch,12:10:00,Imran,5.2,21,38,3,0,465,Wallet,Cancelled,0,No,,,,,
409,09-06-2025,C002,Gachibowli,Veg,Breakfast,10:20:00,Arun,4.1,17,33,2,10,150,Cash,Delivered,4,No,,,,,
410,07-04-2025,C085,Uppal,Veg,Breakfast,08:00:00,Amit,4.2,23,51,1,0,80,UPI,Late,5,No,,,,,
411,14-04-2025,C046,Secunderabad,Veg,Lunch,12:15:00,Kiran,3.3,9,30,1,20,100,UPI,Late,5,No,,,,,
412,12-04-2025,C121,Kondapur,Non-Veg,Lunch,13:40:00,Amit,10.2,13,58,2,10,300,Card,Cancelled,0,Yes,,,,,
413,13-05-2025,C136,Hitech City,Veg,Dinner,21:20:00,Imran,8.2,14,45,1,0,130,Card,Cancelled,0,No,,,,,
414,25-05-2025,C128,Secunderabad,Veg,Dinner,20:30:00,Suresh,8.1,15,39,4,0,520,Cash,Delivered,5,No,,,,,
415,08-05-2025,C107,Begumpet,Veg,Breakfast,07:10:00,Rahul,3.2,11,26,1,0,80,Card,Late,5,No,,,,,
416,15-05-2025,C083,Dilsukhnagar,Veg,Dinner,19:00:00,Rahul,1.8,18,22,2,0,260,UPI,Delivered,4,No,,,,,
417,27-06-2025,C123,Uppal,Non-Veg,Lunch,13:45:00,Imran,5,8,37,1,0,155,UPI,Delivered,4,No,,,,,
418,22-06-2025,C015,LB Nagar,Veg,Breakfast,10:15:00,Arun,6.3,8,40,2,15,145,Card,Delivered,4,No,,,,,
419,11-06-2025,C008,Ameerpet,Veg,Dinner,18:20:00,Naveen,7.2,10,52,1,0,130,Cash,Delivered,5,No,,,,,
420,13-06-2025,C070,Begumpet,Veg,Dinner,21:15:00,Amit,5.4,13,35,2,0,260,Wallet,Late,5,No,,,,,
421,01-05-2025,C024,Secunderabad,Veg,Lunch,14:30:00,Rahul,5.7,18,40,1,0,120,Wallet,Delivered,5,No,,,,,
422,04-06-2025,C026,LB Nagar,Jain,Breakfast,08:40:00,not avilable any delivery patner,2.5,19,18,2,15,175,Cash,Delivered,5,No,,,,,
423,05-04-2025,C086,Secunderabad,Veg,Lunch,14:10:00,Rahul,4.3,12,27,3,20,340,UPI,Cancelled,0,No,,,,,
424,06-06-2025,C137,Ameerpet,Veg,Dinner,20:00:00,Imran,7.2,24,44,1,0,130,UPI,Delivered,4,No,,,,,
425,05-05-2025,C139,Ameerpet,Veg,Breakfast,08:30:00,not avilable any delivery patner,2.1,16,38,3,15,225,Card,Cancelled,0,No,,,,,
426,19-04-2025,C034,Madhapur,Veg,Dinner,20:20:00,Imran,4.8,31,37,1,0,130,UPI,Cancelled,0,No,,,,,
427,14-04-2025,C115,Jubilee Hills,Veg,Lunch,11:10:00,Kiran,4.9,16,35,1,15,105,Card,Cancelled,0,No,,,,,
428,13-05-2025,C120,Secunderabad,Veg,Breakfast,07:50:00,Vikram,4.2,22,41,1,20,60,Cash,Delivered,3,No,,,,,
429,19-04-2025,C117,Secunderabad,Veg,Dinner,20:40:00,Rahul,2.8,10,15,2,20,240,UPI,Delivered,5,No,,,,,
430,31-05-2025,C131,Hitech City,Veg,Breakfast,09:50:00,Naveen,5.6,11,18,1,0,80,UPI,Cancelled,0,No,,,,,
431,12-05-2025,C124,Begumpet,Veg,Dinner,18:30:00,Amit,5.4,32,35,1,10,120,Card,Delivered,5,No,,,,,
432,27-04-2025,C147,LB Nagar,Veg,Dinner,21:45:00,Imran,6.3,18,36,1,20,110,UPI,Delivered,3,No,,,,,
433,15-06-2025,C028,Manikonda,Veg,Dinner,21:40:00,Naveen,6.5,16,40,2,0,260,Card,Delivered,5,Yes,,,,,
434,03-06-2025,C039,Secunderabad,Veg,Dinner,18:10:00,Arun,5.2,13,43,1,15,115,Wallet,Late,5,No,,,,,
435,18-06-2025,C078,Uppal,Veg,Dinner,21:20:00,Naveen,4.1,13,37,2,0,260,Card,Cancelled,0,No,,,,,
436,12-04-2025,C001,Miyapur,Non-Veg,Dinner,18:45:00,Kiran,2.5,18,29,2,0,330,UPI,Delivered,5,No,,,,,
437,07-05-2025,C140,Gachibowli,Non-Veg,Breakfast,08:45:00,Suresh,6.9,20,38,1,0,115,Wallet,Late,4,No,,,,,
438,18-04-2025,C005,Kondapur,Non-Veg,Breakfast,10:40:00,Imran,6.3,26,42,1,20,95,Wallet,Delivered,3,Yes,,,,,
439,18-04-2025,C047,Secunderabad,Non-Veg,Breakfast,08:45:00,Naveen,4.5,10,25,2,20,210,Wallet,Cancelled,0,No,,,,,
440,20-05-2025,C106,Uppal,Veg,Lunch,12:15:00,Kiran,3.8,14,31,1,10,110,UPI,Late,4,No,,,,,
441,05-04-2025,C072,Secunderabad,Veg,Dinner,21:40:00,Amit,4.6,21,33,1,20,110,UPI,Delivered,3,No,,,,,
442,02-05-2025,C121,Jubilee Hills,Veg,Lunch,11:30:00,Kiran,5.6,18,20,3,15,345,Wallet,Delivered,4,No,,,,,
443,16-05-2025,C016,Manikonda,Veg,Lunch,13:15:00,Imran,2.4,17,20,3,20,340,Cash,Delivered,5,No,,,,,
444,13-06-2025,C034,Jubilee Hills,Veg,Breakfast,09:00:00,Arun,5.8,27,46,1,15,65,Card,Delivered,5,No,,,,,
445,03-05-2025,C061,Secunderabad,Jain,Breakfast,07:15:00,Suresh,4,26,34,2,20,170,UPI,Delivered,4,No,,,,,
446,14-05-2025,C043,Gachibowli,Non-Veg,Breakfast,08:15:00,Kiran,3.8,14,30,2,10,220,UPI,Delivered,4,No,,,,,
447,22-06-2025,C137,Gachibowli,Veg,Lunch,11:00:00,Naveen,3.6,19,33,1,0,120,Wallet,Delivered,5,No,,,,,
448,31-05-2025,C011,Hitech City,Veg,Lunch,12:45:00,Kiran,4.5,20,43,3,10,350,Wallet,Delivered,5,No,,,,,
449,18-06-2025,C062,Miyapur,Veg,Dinner,20:40:00,Vikram,6.6,9,17,2,0,260,Card,Late,5,No,,,,,
450,26-06-2025,C115,Ameerpet,Veg,Dinner,19:40:00,Vikram,6.6,9,36,2,0,260,Card,Delivered,4,No,,,,,
451,03-05-2025,C032,Miyapur,Veg,Breakfast,07:00:00,Amit,1.9,8,33,1,15,65,UPI,Late,5,No,,,,,
452,17-06-2025,C117,Uppal,Non-Veg,Breakfast,10:15:00,Arun,6.2,14,16,2,0,230,Wallet,Delivered,4,No,,,,,
453,28-06-2025,C067,LB Nagar,Veg,Dinner,20:30:00,Arun,3.3,20,19,1,0,130,Cash,Delivered,4,No,,,,,
454,27-05-2025,C056,Jubilee Hills,Veg,Breakfast,10:20:00,Amit,4.9,17,39,1,10,70,Wallet,Delivered,3,No,,,,,
455,04-05-2025,C001,Uppal,Veg,Breakfast,07:10:00,Rahul,4.8,12,44,2,10,150,Wallet,Delivered,5,No,,,,,
456,05-05-2025,C018,Banjara Hills,Veg,Breakfast,09:45:00,Vikram,4.2,17,25,1,10,70,UPI,Delivered,4,No,,,,,
457,20-05-2025,C024,Ameerpet,Veg,Dinner,21:10:00,Kiran,3.5,12,30,3,0,390,UPI,Delivered,5,No,,,,,
458,29-05-2025,C028,Manikonda,Veg,Lunch,12:15:00,Kiran,8.3,9,28,3,20,340,Wallet,Delivered,4,No,,,,,
459,11-04-2025,C100,Hitech City,Veg,Dinner,21:20:00,Arun,7.7,16,35,1,20,110,Wallet,Cancelled,0,No,,,,,
460,08-06-2025,C134,Secunderabad,Veg,Lunch,11:00:00,Suresh,6.8,14,53,1,20,100,Cash,Delivered,4,No,,,,,
461,10-04-2025,C004,Kondapur,Veg,Breakfast,08:50:00,Rahul,6,15,54,1,15,65,Card,Delivered,4,No,,,,,
462,13-04-2025,C057,Hitech City,Non-Veg,Lunch,12:10:00,Vikram,3.2,22,33,1,10,145,Wallet,Cancelled,0,No,,,,,
463,14-05-2025,C055,Dilsukhnagar,Veg,Dinner,21:40:00,Rahul,7.4,27,40,2,15,245,Cash,Delivered,4,No,,,,,
464,13-05-2025,C149,Madhapur,Veg,Breakfast,07:30:00,Suresh,2.8,20,25,1,20,60,UPI,Delivered,5,No,,,,,
465,20-06-2025,C073,Begumpet,Veg,Dinner,21:15:00,Imran,8.9,18,39,1,0,130,Cash,Delivered,3,No,,,,,
466,27-04-2025,C128,Jubilee Hills,Veg,Breakfast,09:50:00,Amit,4.9,9,27,3,15,225,Card,Late,2,No,,,,,
467,15-05-2025,C139,Banjara Hills,Veg,Lunch,11:20:00,Vikram,7.1,14,30,4,0,480,Wallet,Cancelled,0,No,,,,,
468,20-06-2025,C128,Kondapur,Veg,Dinner,19:30:00,Suresh,5.7,25,42,1,0,130,UPI,Late,5,No,,,,,
469,07-04-2025,C138,Kondapur,Veg,Dinner,20:30:00,Suresh,6.7,13,27,1,15,115,UPI,Delivered,2,No,,,,,
470,02-06-2025,C051,Miyapur,Non-Veg,Dinner,18:10:00,Kiran,7.8,16,38,2,15,315,Cash,Cancelled,0,No,,,,,
471,15-04-2025,C150,Secunderabad,Veg,Lunch,12:10:00,Rahul,7.4,21,43,1,0,120,Wallet,Delivered,5,Yes,,,,,
472,19-04-2025,C052,Ameerpet,Veg,Breakfast,10:15:00,Suresh,9.3,14,51,1,20,60,UPI,Delivered,0,No,,,,,
473,28-06-2025,C076,Jubilee Hills,Veg,Dinner,18:30:00,Suresh,4.6,19,46,2,10,250,Cash,Delivered,3,No,,,,,
474,13-06-2025,C119,Kukatpally,Veg,Dinner,19:10:00,Rahul,5.6,21,44,1,0,130,Wallet,Cancelled,0,No,,,,,
475,02-05-2025,C107,Madhapur,Veg,Breakfast,09:45:00,Rahul,3.7,12,24,2,15,145,Wallet,Delivered,5,No,,,,,
476,04-06-2025,C004,Miyapur,Veg,Breakfast,10:45:00,Naveen,0.8,30,17,2,0,160,Cash,Delivered,4,No,,,,,
477,17-04-2025,C147,Miyapur,Veg,Lunch,13:20:00,Rahul,4,16,35,1,10,110,Wallet,Late,4,No,,,,,
478,30-05-2025,C019,Begumpet,Non-Veg,Breakfast,10:15:00,Kiran,6.3,23,32,1,10,105,UPI,Late,5,No,,,,,
479,08-05-2025,C094,Uppal,Non-Veg,Lunch,13:20:00,Rahul,4.1,19,31,1,0,155,UPI,Late,5,No,,,,,
480,20-05-2025,C053,Kondapur,Veg,Lunch,14:00:00,Kiran,8,20,46,1,15,105,Cash,Late,3,No,,,,,
481,09-06-2025,C109,Kukatpally,Non-Veg,Breakfast,10:20:00,Rahul,6,25,38,2,0,230,UPI,Delivered,5,No,,,,,
482,18-05-2025,C075,Secunderabad,Veg,Lunch,14:50:00,Kiran,1.6,20,22,2,10,230,UPI,Late,5,No,,,,,
483,25-04-2025,C038,Secunderabad,Veg,Lunch,11:10:00,Suresh,3.3,21,41,1,0,120,Cash,Delivered,3,No,,,,,
484,06-06-2025,C006,Kukatpally,Veg,Dinner,18:30:00,Vikram,4.5,19,47,2,0,260,UPI,Delivered,4,No,,,,,
485,03-04-2025,C141,Secunderabad,Veg,Breakfast,09:45:00,Imran,5,33,39,2,0,160,Card,Delivered,5,No,,,,,
486,12-06-2025,C091,Kukatpally,Non-Veg,Breakfast,09:15:00,Imran,0.8,22,29,1,0,115,Cash,Delivered,5,Yes,,,,,
487,19-06-2025,C030,Madhapur,Jain,Breakfast,09:15:00,Kiran,7.3,22,38,2,20,170,Cash,Late,5,No,,,,,
488,27-05-2025,C115,Banjara Hills,Veg,Lunch,13:15:00,Suresh,1.8,16,21,2,20,220,Card,Delivered,5,No,,,,,
489,16-04-2025,C130,Ameerpet,Non-Veg,Breakfast,10:50:00,Arun,3.2,21,44,3,0,345,Wallet,Delivered,1,No,,,,,
490,08-05-2025,C079,Madhapur,Veg,Dinner,19:50:00,Naveen,5.4,10,39,1,10,120,Cash,Delivered,3,No,,,,,
491,28-05-2025,C072,Gachibowli,Veg,Lunch,11:40:00,Rahul,7.1,14,38,1,15,105,UPI,Cancelled,0,No,,,,,
492,08-06-2025,C093,Begumpet,Veg,Lunch,11:45:00,Suresh,4.5,13,39,1,15,105,Wallet,Cancelled,0,No,,,,,
493,18-05-2025,C114,Miyapur,Veg,Lunch,13:00:00,Naveen,4.2,20,26,1,10,110,Wallet,Cancelled,0,No,,,,,
494,07-05-2025,C135,Ameerpet,Veg,Breakfast,10:45:00,Amit,3.5,22,29,1,0,80,Wallet,Delivered,4,No,,,,,
495,12-04-2025,C036,Gachibowli,Veg,Breakfast,10:30:00,Suresh,8.3,15,43,1,20,60,Wallet,Cancelled,0,No,,,,,
496,08-05-2025,C058,Madhapur,Non-Veg,Dinner,21:00:00,Rahul,6.6,9,24,1,15,150,Cash,Delivered,4,No,,,,,
497,04-05-2025,C063,Madhapur,Veg,Lunch,14:10:00,Amit,1.1,25,22,2,10,230,Card,Delivered,4,No,,,,,
498,03-06-2025,C031,Ameerpet,Veg,Breakfast,09:50:00,Rahul,10.1,14,46,2,20,140,Card,Late,4,No,,,,,
499,21-04-2025,C108,Manikonda,Veg,Dinner,18:15:00,Kiran,7.9,30,57,2,0,260,UPI,Delivered,3,No,,,,,
500,08-05-2025,C140,Ameerpet,Non-Veg,Lunch,11:20:00,Kiran,7.2,24,44,1,0,155,Card,Cancelled,0,No,,,,,
362,23-05-2025,C021,Begumpet,Veg,Dinner,21:45:00,Vikram,9.1,20,46,2,20,240,Card,Delivered,5,No,,,,,
74,06-04-2025,C047,Kondapur,Veg,Lunch,11:30:00,Suresh,4.7,31,19,1,0,120,UPI,Cancelled,0,No,,,,,
375,06-04-2025,C126,Banjara Hills,Veg,Breakfast,08:00:00,Arun,5.9,11,49,1,0,80,UPI,Delivered,5,No,,,,,
